DATE;CATEGORY;GEO;Medián;Átlag;P90gamma;P90lnorm;P90weibull;P90invgauss;P90
2018-11-01;Kiemelt P1;Budapest;12,583333;18,7943783609467;44,1714461525582;39,6518908010787;44,0293791823356;40,4739701284886;39,6592355600519
2018-11-01;Kiemelt P1;Országos;12,016666;16,2045869819341;35,6030299835752;32,3748629379514;35,8848567548077;32,7729635521699;32,3729744997106
2018-11-01;P1;Budapest;17,283333;22,9330341823004;49,7396281774758;45,2933411345952;50,2413696410874;45,811760384296;45,3138252562262
2018-11-01;P1;Országos;13,466666;17,0410059683793;35,4450950767419;32,46272762691;36,0454592834721;32,6966212416755;32,4455043579786
2018-11-01;P2;Budapest;22,85;29,9907983961954;64,4892003017188;58,8123474923247;65,2074437264551;59,4027435102304;58,7958759507391
2018-11-01;P2;Országos;15,883333;21,6313364599063;47,8907598952884;43,5127813488755;48,1972765006982;44,0425888026081;43,4898947805079
2018-11-01;P3;Budapest;27,2916665;36,5498370414634;79,8802083072187;72,665832398653;80,5706921718761;73,5171777780281;72,6825684477839
2018-11-01;P3;Országos;22,808333;33,0911076638734;76,4475800957715;68,9552296560954;76,423014614469;70,1317586986591;68,9057616064159
2018-12-01;Kiemelt P1;Budapest;15,025;20,9363191083333;47,120821535823;42,6796669763112;47,3037948891803;43,2993867638448;42,6761913911552
2018-12-01;Kiemelt P1;Országos;12,766666;16,8613639719545;36,4384002379908;33,2278427785302;36,8193492768063;33,5559379341697;33,2067626551009
2018-12-01;P1;Budapest;17,783333;24,067520268543;53,0444179786871;48,1538786737814;53,399136299169;48,7939561653456;48,1943677562252
2018-12-01;P1;Országos;13,65;17,4164842841973;36,5163757943584;33,4163596462526;37,0889313240361;33,6685102411474;33,3948375567086
2018-12-01;P2;Budapest;24,55;33,6396485164114;74,8379050536149;67,9134982710659;75,2374347166864;68,7956862361917;67,8908611039157
2018-12-01;P2;Országos;16,85;23,2612930728024;52,0079219429188;47,1755896859624;52,2652457923354;47,810691765218;47,1575134201694
2018-12-01;P3;Budapest;31,066666;43,7391251788757;99,1543502021967;89,6728400021262;99,3856390389566;91,0863172396935;89,6757414061648
2018-12-01;P3;Országos;23,958333;37,4657805615385;90,210020235031;80,4820473755194;89,5167202188984;82,4856156728226;80,494985430518
2019-01-01;Kiemelt P1;Budapest;13,0416665;17,3240433565574;37,6227135769095;34,2752245253247;37,9776280737608;34,6338738166472;34,2576106467913
2019-01-01;Kiemelt P1;Országos;12,666666;16,6325584222756;35,7764848774317;32,6395380236485;36,1685533003983;32,9449119008432;32,6183172610249
2019-01-01;P1;Budapest;16,716666;21,8833666119327;46,9458358896115;42,7960626308463;47,4927319161731;43,2455584612832;42,8182704931696
2019-01-01;P1;Országos;13,583333;17,0302032154161;35,0866372992934;32,1910235365283;35,7709492986374;32,3887395515014;32,1598545880569
2019-01-01;P2;Budapest;23,6;31,4286218137834;68,3803792114975;62,2356120283979;69,0242281715437;62,95211433112;62,2583617947124
2019-01-01;P2;Országos;16,733333;22,7989885879787;50,5062704227907;45,8358124259368;50,8089382715906;46,4358093447136;45,8501931717791
2019-01-01;P3;Budapest;30,933333;43,3355448448598;97,9135106076934;88,5941428979319;98,1991579628505;89,9301222302828;88,6036370845082
2019-01-01;P3;Országos;23,75;35,465385099936;83,332275319485;74,8530048910931;83,0467329510813;76,3812717021743;74,8310349686959
2019-02-01;Kiemelt P1;Budapest;12,2;17,7785060491803;41,1911052054443;37,0817509754632;41,145388543998;37,7851045604805;37,0989912196918
2019-02-01;Kiemelt P1;Országos;11,583333;15,7637964769798;34,8887906492426;31,7018788581248;35,1075546534212;32,0833120571219;31,6786933361276
2019-02-01;P1;Budapest;16,05;20,6352767677693;43,5759789369139;39,831080475513;44,1898216142483;40,1605159297947;39,8149892473854
2019-02-01;P1;Országos;12,983333;16,1639161529472;33,0535535454284;30,3157354322827;33,7503576808067;30,5230273723409;30,3270439276211
2019-02-01;P2;Budapest;22,383333;29,1361292189471;62,1891117825819;56,761202391917;62,9809001781673;57,311289077589;56,7662815855716
2019-02-01;P2;Országos;15,3;20,3713814600048;44,3215270034683;40,3383578406767;44,7371003314319;40,8041175678613;40,3491502240694
2019-02-01;P3;Budapest;31,25;43,8741436100629;99,26140817379;89,8213347632856;99,5327241754379;91,178857143605;89,8134224869124
2019-02-01;P3;Országos;19,55;29,8682616312343;71,063215787083;63,5903618897034;70,688747665541;65,0533622486934;63,6161685523458
2019-03-01;Kiemelt P1;Budapest;11,283333;15,323495595122;33,8625220943977;30,7462214265157;34,0791991401393;31,1450960082967;30,7530532870622
2019-03-01;Kiemelt P1;Országos;11,658333;14,3952811871401;29,192106871003;26,7897758688461;29,8340220955345;26,9621727719176;26,797227508236
2019-03-01;P1;Budapest;14,966666;18,7951909368498;38,8185302332809;35,6030255354253;39,5143504382459;35,8003496039726;35,5451122938086
2019-03-01;P1;Országos;12,666666;15,6390536390143;31,7167841968649;29,1292754444806;32,4072342695404;29,2770957499291;29,1102258106507
2019-03-01;P2;Budapest;20,55;27,0705274115247;58,3787019515296;53,2297336834689;59,014518149087;53,7746607417837;53,2125768911121
2019-03-01;P2;Országos;14,583333;19,0481362045952;40,7795422457387;37,208286878652;41,2672059625564;37,5770188048431;37,2084077121007
2019-03-01;P3;Budapest;28,441666;37,8851691377119;82,4660623541947;75,060461330628;83,2081254569473;75,8936531802951;75,0605004597491
2019-03-01;P3;Országos;18,058333;26,7757651466597;62,6776923476534;56,319407780899;62,4967307114154;57,443158478119;56,3213414701728
2019-04-01;Kiemelt P1;Budapest;10,916666;13,6741808034682;28,1554271244515;25,8038487361567;28,6870817169226;25,9762358886459;25,8006450377689
2019-04-01;Kiemelt P1;Országos;11,133333;14,5289527753544;31,086061904024;28,351139085405;31,4614505838016;28,6330244749475;28,3616227059606
2019-04-01;P1;Budapest;14,316666;17,5910054401629;35,4865938719244;32,6080875182988;36,2964383607837;32,7728282521604;32,5879844038175
2019-04-01;P1;Országos;12,5;15,3681893917788;31,0159738949144;28,5044672889326;31,7293614680465;28,6486165874701;28,4873609980437
2019-04-01;P2;Budapest;19,05;24,6066035734089;52,179441994076;47,6362235938357;52,8744935266996;48,0882820367227;47,6545044361148
2019-04-01;P2;Országos;14,466666;18,8314699159122;40,2026617563079;36,6984036350255;40,7005582692179;37,03744304128;36,6901461647175
2019-04-01;P3;Budapest;24,666666;33,6936235423729;74,7712225197648;67,8740342342847;75,2246279682338;68,75779805699;67,8679210330459
2019-04-01;P3;Országos;18,216666;25,0043347574693;55,6877905957264;50,5385094986392;55,9769800247115;51,1895276796384;50,5163913732327
2019-05-01;Kiemelt P1;Budapest;11,7;15,5251952910798;33,6751069278444;30,6871850398967;34,0175567800637;31,0133528447555;30,6773879332404
2019-05-01;Kiemelt P1;Országos;11,508333;15,0916029705323;32,4163129060752;29,5763025330884;32,7959841933065;29,8652486694999;29,5674704119406
2019-05-01;P1;Budapest;14,266666;18,1738009700803;38,0368346190163;34,8253149449516;38,6623008967194;35,0787952292609;34,7995485001243
2019-05-01;P1;Országos;12,466666;15,370674624254;31,1215426754032;28,5651995610833;31,8115698877188;28,7464276984339;28,5717217455696
2019-05-01;P2;Budapest;19,566666;25,6977463677494;55,2642174786068;50,4261089643622;55,9046715902767;50,9141946486232;50,403128606487
2019-05-01;P2;Országos;14,466666;18,8503074073401;40,2889145047854;36,7692949519623;40,7727681145487;37,1111392090672;36,754878831175
2019-05-01;P3;Budapest;26,4666665;36,9491583245193;83,2748285454056;75,4117466279078;83,5646367783678;76,514768705913;75,3976508567853
2019-05-01;P3;Országos;19,5666665;28,0071741856107;64,1792227552528;57,940480795808;64,2135257955763;58,9118075485629;57,927592405057
2019-06-01;Kiemelt P1;Budapest;12,508333;16,8757278203884;37,0978046324673;33,7104029664051;37,3742824404758;34,1340948513465;33,7244163082348
2019-06-01;Kiemelt P1;Országos;11,558333;15,029516348;32,0442970808929;29,2548903382324;32,4507131922997;29,5300978051171;29,2585667079251
2019-06-01;P1;Budapest;15,333333;19,7948686573131;41,939069330601;38,2981941740763;42,5299277856992;38,6621192829481;38,3190103113222
2019-06-01;P1;Országos;12,866666;16,1324909922971;33,2472479141003;30,4889868270621;33,8653658167452;30,6765349565772;30,4660062319712
2019-06-01;P2;Budapest;22,3416665;31,0534023744727;69,7823579564571;63,1864706883868;70,0420223334979;64,1284880926031;63,2069903027294
2019-06-01;P2;Országos;14,65;19,8492706773548;43,7712465611577;39,8137901165598;44,0731230809432;40,2738958008543;39,7763689902981
2019-06-01;P3;Budapest;33,9;48,9806302972973;112,902236624501;101,780814228915;112,871498596765;103,599336417815;101,786610548514
2019-06-01;P3;Országos;20,1;31,2600078367647;75,0596815874099;67,024962932716;74,5523515280265;68,6607705001426;67,0294806130277
2019-07-01;Kiemelt P1;Budapest;11,333333;14,384812260355;30,0095398205779;27,4767644037013;30,4984345168917;27,6717121334443;27,4595640472956
2019-07-01;Kiemelt P1;Országos;11,25;13,7014374211124;27,3662510231449;25,1604652409535;28,0451546151767;25,285184284362;25,155116784722
2019-07-01;P1;Budapest;14,55;18,4090905717221;38,2868997574822;35,0458193066361;38,9419853917269;35,3168736581117;35,0456823742824
2019-07-01;P1;Országos;12,516666;15,597531996197;31,9445160318982;29,3154249277957;32,5785080255096;29,4888036931588;29,2899946093427
2019-07-01;P2;Budapest;21,816666;29,3835619769744;64,5096128985062;58,6578919562991;65,0032829321096;59,3707701920558;58,6535919636899
2019-07-01;P2;Országos;14,366666;19,0936978708494;41,4763513657467;37,7777013827849;41,8765186502532;38,1936554597718;37,7702915312292
2019-07-01;P3;Budapest;30,216666;46,4710904553776;110,962641212033;99,2613917334432;110,281616009637;101,542277110556;99,2318574976373
2019-07-01;P3;Országos;18,1;27,6154051449111;65,6689946782944;58,7944558332554;65,3106249522644;60,1049019115094;58,7864081541157
2019-08-01;Kiemelt P1;Budapest;11,783333;15,4205879358289;33,073418358868;30,1699257141163;33,4543013945069;30,4596968682173;30,1659904986626
2019-08-01;Kiemelt P1;Országos;11,233333;14,8004270111482;31,9278503728156;29,080664666011;32,2705070702475;29,4000073480583;29,0971475423966
2019-08-01;P1;Budapest;14,2;17,8637629828009;36,9452128074321;33,8516736189932;37,6069258528323;34,0822060843019;33,8367774615127
2019-08-01;P1;Országos;12,533333;15,5086326048439;31,5258645729843;28,9127325893735;32,1871496687105;29,0994800741459;28,9292569529868
2019-08-01;P2;Budapest;20,816666;28,6381695569324;63,8727458465311;57,9339339203953;64,2119984146417;58,7382884484019;57,9378181422929
2019-08-01;P2;Országos;14,216666;18,7315911306377;40,3970066024825;36,8084006815297;40,8371549191282;37,2142913853351;36,8263805828673
2019-08-01;P3;Budapest;31,0999995;46,0555552208334;107,703119605883;96,8176324425255;107,464667877112;98,7393004350826;96,8214650143781
2019-08-01;P3;Országos;16,383333;26,8176710375473;65,9797500618021;58,4620678181517;65,2377683240703;60,1793485802768;58,4721723213712
2019-09-01;Kiemelt P1;Budapest;12,8749995;16,012733752809;32,7271804967083;30,0068043638074;33,3916301578599;30,2133911360629;30,0147121451836
2019-09-01;Kiemelt P1;Országos;11,35;14,0716083013205;28,6633565133406;26,2752601073275;29,267359568573;26,4706745065117;26,2974723539486
2019-09-01;P1;Budapest;14,45;18,8504899884879;40,3040798429454;36,759722548893;40,8110785803808;37,1492095602435;36,7876965016939
2019-09-01;P1;Országos;12,4;15,3485652302184;31,2122129990241;28,6292371885264;31,8792192052175;28,8170607388398;28,639507146467
2019-09-01;P2;Budapest;22,016666;30,2214705158961;67,3035711047163;61,0532799718378;67,673785904221;61,8917266121986;61,0581110187433
2019-09-01;P2;Országos;13,966666;18,7554812625966;41,0760322801596;37,2992612358093;41,4175048167186;37,8027588597768;37,3651754616144
2019-09-01;P3;Budapest;31,85;44,9226475342742;101,923367659876;92,1907160088886;102,167283180702;93,6502430378795;92,1928760026961
2019-09-01;P3;Országos;18,2916665;27,4682785865307;64,7441623252366;58,1073804624866;64,5028863230143;59,323416497187;58,0960992539449
2019-10-01;Kiemelt P1;Budapest;11,6249995;14,7525952868853;30,7628806812148;28,1256529600556;31,2731295736129;28,3796326468774;28,1576901437684
2019-10-01;Kiemelt P1;Országos;11,616666;14,0364569826087;27,7720951269817;25,549522499303;28,51009934302;25,6736027371169;25,554494214163
2019-10-01;P1;Budapest;13,8;17,6104336294576;36,9276624876821;33,7562042847618;37,5044258809727;34,0441150614202;33,7708218952289
2019-10-01;P1;Országos;12,266666;15,3079424132047;31,396129789617;28,8083537568018;32,0188157686704;28,9829057346446;28,7845090640273
2019-10-01;P2;Budapest;20,633333;27,9026163415831;61,4418376828359;55,8326166762908;61,8839709289883;56,5274699486569;55,8454364628544
2019-10-01;P2;Országos;13,716666;18,2197855803787;39,5667731431046;36,0061088822024;39,9433335614831;36,4218963247473;36,027657268728
2019-10-01;P3;Budapest;27,9249995;37,415533004;81,8244521862385;74,4400996857321;82,4963725430025;75,2882006485402;74,4276395942773
2019-10-01;P3;Országos;16,483333;24,2369325934178;56,4501566634277;50,8096504668717;56,3529955925449;51,7554794888356;50,7888753513374
2019-11-01;Kiemelt P1;Budapest;12,35;14,7230702660099;28,6527670521421;26,3857564104337;29,5231601553348;26,5143259121227;26,4029536528421
2019-11-01;Kiemelt P1;Országos;11,783333;14,0757668634921;27,4582527913308;25,3293414354903;28,2944022491101;25,4159358541386;25,3008001304247
2019-11-01;P1;Budapest;14,233333;17,7611122605802;36,440173212664;33,4105398531302;37,1532937399167;33,6198224230214;33,3954594844214
2019-11-01;P1;Országos;12,683333;15,6127762691177;31,5616596855097;28,9707209867252;32,2727752992225;29,1454010113617;28,9760259757127
2019-11-01;P2;Budapest;20,916666;28,8132062415454;64,3314976339796;58,3438155697309;64,646312334972;59,147132281918;58,3376733975427
2019-11-01;P2;Országos;13,783333;18,2744919372713;39,6244561823409;36,0774603936027;40,0098929814814;36,4762460061852;36,0888205880087
2019-11-01;P3;Budapest;27,9749995;39,8578758987342;91,0546987093297;82,2433596278881;91,1738157668998;83,6196321661175;82,241263883414
2019-11-01;P3;Országos;16,816666;25,3232240257693;59,7879380728088;53,6197624071171;59,545717519241;54,768243564632;53,6213107036826
2019-12-01;Kiemelt P1;Budapest;12,6666665;15,9955396091549;33,2039008400111;30,397603832779;33,7815188595049;30,6258630506011;30,400083123251
2019-12-01;Kiemelt P1;Országos;12;14,1662807463582;27,2158886716317;25,1042686626967;28,1053353247253;25,2024365788069;25,109238525243
2019-12-01;P1;Budapest;14,45;18,2611810018726;37,9323187512882;34,6988219035927;38,5919741762901;34,9866965760799;34,728695372215
2019-12-01;P1;Országos;13,2;16,3930092265406;33,4538116305005;30,7110956893449;34,1443004484656;30,8760810553075;30,685242093124
2019-12-01;P2;Budapest;21,766666;30,1485046883903;67,5698107038547;61,2299388142972;67,8661556504558;62,1177567339056;61,2399660638345
2019-12-01;P2;Országos;14,1;18,7235162005719;40,6528926400119;37,0320148440996;41,041362529173;37,4190145085927;37,0161751726404
2019-12-01;P3;Budapest;30,016666;42,0955861916377;95,1689574804847;86,1228894768981;95,4409107712645;87,4544780465845;86,1190611267167
2019-12-01;P3;Országos;17,9749995;26,9804181173105;63,5891004320376;57,0607598132726;63,3557354159748;58,254436536495;57,0532745532514
2020-01-01;Kiemelt P1;Budapest;11,133333;12,7090108229665;23,2523803082423;21,5427084906875;24,2695391077389;21,5707919640304;21,527541585321
2020-01-01;Kiemelt P1;Országos;9,9;11,4196301454965;21,2221312040474;19,6307158776148;22,0797508974867;19,6837714957097;19,6369620977553
2020-01-01;P1;Budapest;13,983333;16,6223984315735;32,2350576338537;29,7295946047164;33,2279817113042;29,823007276248;29,7089012276237
2020-01-01;P1;Országos;12,4916665;14,5428092440063;27,3941877229023;25,3189504386544;28,422287042313;25,401165384489;25,3237242114348
2020-01-01;P2;Budapest;20,6249995;28,0157876475942;61,8972373435224;56,2385915708425;62,3271340553816;56,9390565620396;56,2327906451817
2020-01-01;P2;Országos;13,683333;17,9105158715778;38,4191803023242;35,0821547587166;38,8682951794698;35,4109000076771;35,0418521003779
2020-01-01;P3;Budapest;27,683333;37,9093783835125;84,2863416385265;76,4716260481941;84,7500446705752;77,5048654242055;76,4784964492924
2020-01-01;P3;Országos;16,833333;25,4912884280688;60,367608551505;54,1237002018788;60,0957457901652;55,2821280718696;54,1022587681577
2020-02-01;Kiemelt P1;Budapest;11,716666;13,9754796335079;27,2226285896168;25,099909509754;28,0299295132824;25,1788970668551;25,0777789569044
2020-02-01;Kiemelt P1;Országos;10,2416665;11,7697651633166;21,7451465674613;20,1398734836846;22,6559011653687;20,1841298884286;20,1326051129915
2020-02-01;P1;Budapest;13,516666;15,9304528551088;30,5423371304151;28,1989272202381;31,5557787567754;28,2742270921473;28,17896690677
2020-02-01;P1;Országos;12,033333;14,0681363297419;26,6635076180186;24,6617629344214;27,6232099024345;24,7134664364226;24,6320405688506
2020-02-01;P2;Budapest;19,866666;27,0435403485212;59,8503916160598;54,3461202763679;60,2345190149713;55,0493292614857;54,3551034619225
2020-02-01;P2;Országos;13,25;16,9531920386555;35,6370560454601;32,6028092505794;36,1751635766273;32,8502834046339;32,5816760063249
2020-02-01;P3;Budapest;27,183333;38,6563323068894;88,1868820361511;79,700695671444;88,3270720131256;80,9962174381501;79,6824123075985
2020-02-01;P3;Országos;16,533333;24,3997854670683;56,9659132193909;51,1933307718262;56,8285277884821;52,220874931558;51,2157288709816
2020-03-01;Kiemelt P1;Budapest;10,416666;11,1657891461988;17,92499506953;16,7825282309852;19,3771719576705;16,8031583475855;16,7940345421457
2020-03-01;Kiemelt P1;Országos;9,733333;10,731502566474;18,4086959552606;17,1907796110456;19,5248756694909;17,1666549980253;17,1473432877417
2020-03-01;P1;Budapest;12,883333;15,8042937278124;31,8267366257767;29,2595775248885;32,5664564400601;29,3991840320813;29,2307213745993
2020-03-01;P1;Országos;11,766666;16,2442886780371;36,3245413450425;32,9097609042876;36,4999224304702;33,3942495902213;32,9325744275694
2020-03-01;P2;Budapest;18,833333;25,88536784331;57,6866516841139;52,3577435498192;57,9951466793355;53,0426810456398;52,3389205060345
2020-03-01;P2;Országos;13,5;17,4720488841694;37,1107042938394;33,8974523027801;37,6075746768208;34,2042971664385;33,8897522305261
2020-03-01;P3;Budapest;40,408333;71,2223458448276;180,557810665173;158,139788122693;177,467039859328;163,867237907849;158,139404064297
2020-03-01;P3;Országos;23,366666;51,4408114553792;139,242553625566;116,90566212711;134,394045725601;123,672060398948;116,897767353571
2020-04-01;Kiemelt P1;Budapest;10,3666665;11,6528642604167;20,7492776203261;19,28762313693;21,8058587342191;19,2954367320854;19,2673545190209
2020-04-01;Kiemelt P1;Országos;10,2;11,3799837165072;19,980911917542;18,5990928539221;21,0780074548234;18,6006401526222;18,5790409218462
2020-04-01;P1;Budapest;12,3;14,573971219531;28,1421065178479;25,9146587487968;29,0302712459723;26,0418151045705;25,9473507228373
2020-04-01;P1;Országos;11,533333;13,5287956434031;25,7626260407539;23,8007188767618;26,6664114081158;23,8668036936606;23,7894485752562
2020-04-01;P2;Budapest;16,583333;21,540295752865;45,8936633549812;41,8849579875346;46,4777085250108;42,2922433501959;41,8984305385162
2020-04-01;P2;Országos;13,666666;17,0015605962511;34,7552448452224;31,8567727489575;35,4631358013922;32,0866805249452;31,8756421154387
2020-04-01;P3;Budapest;35,183333;82,7845511694352;227,353877466478;188,115347452669;218,149031200052;200,197788838714;188,118880024345
2020-04-01;P3;Országos;24,833333;63,5914539729811;177,456389387004;143,969655035717;168,883922471637;154,326813329611;143,974320137919
2020-05-01;Kiemelt P1;Budapest;10,2999995;11,4980068858696;20,2196377374509;18,7994055250805;21,311093689908;18,8159928611474;18,7900296478127
2020-05-01;Kiemelt P1;Országos;9,8499995;11,5327774283951;21,9119489948332;20,2397636881862;22,6803827921109;20,3005515610196;20,2316192050264
2020-05-01;P1;Budapest;12,083333;13,9477609629051;25,9526801572181;23,9694312411967;26,9868040016323;24,0677018980969;24,0074797171183
2020-05-01;P1;Országos;11,45;13,0468452607533;23,7796802773457;22,0085307138837;24,8598807018014;22,0897681420544;22,0398654495586
2020-05-01;P2;Budapest;16,083333;20,664464985503;43,5915204759149;39,8519228579579;44,2278278095014;40,2051022238625;39,8499877576826
2020-05-01;P2;Országos;13,283333;16,3897563456031;33,2109416418266;30,4995529471343;33,9381808349683;30,6714723003065;30,4882069635023
2020-05-01;P3;Budapest;27,875;55,6822350253379;146,96878913568;125,880166627089;143,049531178826;132,003045531656;125,878540062263
2020-05-01;P3;Országos;19,8166665;44,8810455486001;122,260462425008;102,008518878412;117,627545745441;108,220807458597;102,023032767812
2020-06-01;Kiemelt P1;Budapest;9,8;11,502631251462;21,922288775234;20,2874824637048;22,6771740886974;20,3131290862442;20,2423208306882
2020-06-01;Kiemelt P1;Országos;9,708333;10,91868716875;19,4620072841844;18,0442853293885;20,447636263961;18,0972151363524;18,0693361713899
2020-06-01;P1;Budapest;12,066666;13,949606963964;26,0143287640907;24,0743468005792;27,0417878871786;24,1290002484624;24,0610478608576
2020-06-01;P1;Országos;11,316666;13,0026571023965;24,0226840452406;22,2565681333808;25,0229173352587;22,2843468553528;22,2353890169078
2020-06-01;P2;Budapest;17,083333;22,6619141843343;49,137635299561;44,7095147376409;49,6380359556854;45,2560768292138;44,770123950859
2020-06-01;P2;Országos;13,216666;16,6660919028953;34,5409089160622;31,6153642843572;35,1565288729484;31,8678831703561;31,6344730302694
2020-06-01;P3;Budapest;25,858333;42,7876779980545;105,77214872528;93,5740842330501;104,482889671468;96,3893110022067;93,579544620509
2020-06-01;P3;Országos;17,466666;32,7976433755475;84,9816715225009;73,6205291219024;83,1121639225545;76,7520721835179;73,6190312554999
2020-07-01;Kiemelt P1;Budapest;10,816666;12,5577177986577;23,5596847375686;21,7972878885602;24,4624643436298;21,8451867584216;21,7858251715789
2020-07-01;Kiemelt P1;Országos;10,083333;11,9161329973333;22,9164194458613;21,152140692898;23,66968354842;21,2220032765327;21,1480612552926
2020-07-01;P1;Budapest;12,608333;14,8131389914021;28,2683235314759;26,1410801785904;29,2399875886652;26,1919175222725;26,0998235782328
2020-07-01;P1;Országos;11,7;13,669359615758;25,8911407301817;23,9270077587481;26,8167289477835;23,9933531868746;23,9132490160758
2020-07-01;P2;Budapest;18,0416665;24,0336732585161;52,3065337543644;47,6244631797695;52,7947409053939;48,1584237962885;47,6192624672153
2020-07-01;P2;Országos;13,3;16,9613982843634;35,5365519764555;32,4926339077999;36,1079241938607;32,7718166604811;32,5085978870465
2020-07-01;P3;Budapest;27,6;38,0378503787879;84,9620775804792;77,0468040397978;85,3807396917096;78,1085122017791;77,0368056807533
2020-07-01;P3;Országos;20,133333;52,0370927938073;145,44615350455;117,749842715494;138,307242465539;126,293022825294;117,740515506225
2020-08-01;Kiemelt P1;Budapest;10,166666;13,0577338431373;27,5404450487271;25,1666996912875;27,9404330110336;25,3871461247897;25,173467695912
2020-08-01;Kiemelt P1;Országos;9,8;11,5622441163955;22,191578793887;20,4720676145192;22,9259538763729;20,5516829728491;20,4787171559618
2020-08-01;P1;Budapest;12,3;14,644842795889;28,4420703828763;26,2013979717759;29,3141030956426;26,3298343013511;26,2238056554179
2020-08-01;P1;Országos;11,416666;13,295108516652;25,0705437370431;23,2027668905529;25,988743188428;23,2262503764506;23,1598680974396
2020-08-01;P2;Budapest;19,466666;26,5581627353003;58,8622660525937;53,4355782750939;59,2471763743492;54,1606766176919;53,4543998616196
2020-08-01;P2;Országos;13,733333;17,6265763112771;37,1544523138992;33,9792429651705;37,7072566318685;34,2375119535982;33,9626555886583
2020-08-01;P3;Budapest;28,0249995;48,7011347591363;122,777777594225;107,808778620193;120,860355388498;111,549410162551;107,810963395008
2020-08-01;P3;Országos;20,066666;41,1077904564242;109,263535384388;93,1167874984919;106,140821259417;97,8664062520409;93,1174836147497
2020-09-01;Kiemelt P1;Budapest;11,216666;13,6771877374302;27,3520602066312;25,1419219802465;28,0291160278542;25,2727699788165;25,1417854389578
2020-09-01;Kiemelt P1;Országos;10,45;12,0111516213235;22,2028433583333;20,5402574259612;23,1238892570917;20,6024615785584;20,5503195044961
2020-09-01;P1;Budapest;13,166666;16,1021668735305;32,3093604734006;29,710305513072;33,0808150550446;29,8499634486021;29,6888929338722
2020-09-01;P1;Országos;11,9;14,4788682756415;28,873706005535;26,5600330118539;29,6106460993568;26,6889902089795;26,5552457157037
2020-09-01;P2;Budapest;22,433333;32,8682572072942;76,4017113148051;68,7794515339031;76,2728129503653;70,0568851571256;68,7622860934703
2020-09-01;P2;Országos;14,116666;19,3952041980091;43,2284924027253;39,1881055572604;43,4465133039854;39,7352930760199;39,2070896136178
2020-09-01;P3;Budapest;35,508333;65,0254724787235;167,08139632933;145,390128478648;163,726295812667;151,203812227298;145,399878075283
2020-09-01;P3;Országos;22,408333;57,8710712183683;161,732719740969;130,939064620276;153,790907052103;140,437141527187;130,947906162716
2020-10-01;Kiemelt P1;Budapest;10,883333;12,9728968551402;25,2405351632134;23,2355358466129;26,0056518436473;23,3603840600261;23,2608502012796
2020-10-01;Kiemelt P1;Országos;10,783333;12,2771692928994;22,3482938482415;20,7666432304235;23,3558867680863;20,7596083743585;20,7140611149382
2020-10-01;P1;Budapest;13,4;17,4556376140537;37,2761019894169;34,0334899804872;37,7669940561746;34,3497216127647;34,0284028808617
2020-10-01;P1;Országos;12,333333;14,9744890833884;29,8059409921894;27,361904133527;30,5595182805658;27,5481374817888;27,4033924693275
2020-10-01;P2;Budapest;25,083333;38,6056862097225;92,2080252163069;82,4690185608678;91,6750211914781;84,389411569199;82,4603227353359
2020-10-01;P2;Országos;15,466666;22,6408747053358;52,5951307439651;47,3419333194752;52,5270943559668;48,2347240410743;47,3463327374881
2020-10-01;P3;Budapest;45,133333;78,4090204406439;197,612772189146;173,562826455182;194,552101933121;179,606528365851;173,565142909599
2020-10-01;P3;Országos;23,35;46,0917348797492;121,295135543727;104,085267252835;118,130102956605;109,013136718385;104,081097535462
2020-11-01;Kiemelt P1;Budapest;12,3916665;15,3688205034014;31,3148642169194;28,7437777026332;31,9675759037627;28,9136239879983;28,7320239293538
2020-11-01;Kiemelt P1;Országos;11,466666;13,3966964827303;25,3396913691321;23,4186871179742;26,2878526466353;23,5152655964303;23,436128036217
2020-11-01;P1;Budapest;15,3749995;20,9983133690213;46,5841284104297;42,2688276087305;46,8859437578731;42,8384235807578;42,2920661683714
2020-11-01;P1;Országos;13,583333;16,8390151174582;34,2964111984108;31,4950751674644;35,0120691119761;31,6661774506673;31,4666939311583
2020-11-01;P2;Budapest;33,966666;54,2434113664275;132,00703595463;117,403238044627;130,757377318295;120,512067026947;117,375534936896
2020-11-01;P2;Országos;17,616666;28,37219292295;69,2819755431317;61,564423609189;68,6047581182715;63,2528811329762;61,5593822331213
2020-11-01;P3;Budapest;58,333333;97,2750152299066;241,273363366824;213,194128962876;238,18827671308;219,776497300967;213,196158007198
2020-11-01;P3;Országos;28,441666;55,7805303683814;146,465306879832;125,867219928578;142,762107169283;131,761480063703;125,876984655702
2020-12-01;Kiemelt P1;Budapest;11,425;14,246231573913;29,1979775919506;26,7938560004756;29,7774895599048;26,9494129229969;26,7682958177644
2020-12-01;Kiemelt P1;Országos;10,933333;12,701328907099;23,8540526516353;22,0353374604125;24,7619773979659;22,1240086258397;22,0540107937985
2020-12-01;P1;Budapest;14,6;19,6072790171981;42,9596620390325;39,0782143075248;43,2936674791773;39,5308960228416;39,0638951196165
2020-12-01;P1;Országos;13;16,1012641729798;32,7544949315324;30,0484249363773;33,4532498158825;30,2560119143555;30,0619805426293
2020-12-01;P2;Budapest;28,416666;42,5593359633281;100,209402646638;89,9019528694928;99,811155807758;91,7935090016874;89,9126125820673
2020-12-01;P2;Országos;16,516666;23,8404454693626;54,9066338458247;49,512859236357;54,8986995216406;50,3902220656772;49,5183938719151
2020-12-01;P3;Budapest;50,6999995;75,1589183904958;175,859382784258;158,076234139574;175,409309383267;161,209087964692;158,077811389306
2020-12-01;P3;Országos;24,6166665;43,1967368805113;109,307526643599;95,8277203799405;107,492889303055;99,2659270909447;95,8249016586301
2021-01-01;Kiemelt P1;Budapest;10,658333;12,7528014051724;24,9323508662982;22,937721861927;25,6561098450386;23,0622681082621;22,9658761376492
2021-01-01;Kiemelt P1;Országos;10,666666;12,1023064207149;21,9040584701808;20,3025739595876;22,9207045708314;20,3500925722473;20,3107969579759
2021-01-01;P1;Budapest;13,366666;16,4483087550138;33,2420713308274;30,5779517979084;33,9880258423883;30,6890308529622;30,5163805375533
2021-01-01;P1;Országos;12,283333;14,2746936185144;26,8183715461271;24,8051741069573;27,8452204019497;24,8760080617826;24,7977021229898
2021-01-01;P2;Budapest;24,1;35,5630330194195;82,9988057646104;74,6273806165147;82,8346137834894;76,1120181975572;74,6442392251935
2021-01-01;P2;Országos;15,533333;21,2836501478005;47,3421961676502;42,9582840325439;47,5976306406988;43,5184750749991;42,9531097276765
2021-01-01;P3;Budapest;40,383333;58,6946356735632;135,745033861549;122,320433555592;135,650234355653;124,542447662632;122,326120264181
2021-01-01;P3;Országos;20,95;34,2228388814118;84,1123777037802;74,5558885494881;83,1975542467263;76,7334885102627;74,573591478611
2021-02-01;Kiemelt P1;Budapest;10,566666;11,626884080402;19,8523924831872;18,5233090174184;21,0972283844855;18,5263628311957;18,5065908946416
2021-02-01;Kiemelt P1;Országos;10,3416665;12,0024736259766;22,5073259696051;20,8340240881961;23,3771011955546;20,8687519988537;20,8137070002277
2021-02-01;P1;Budapest;13,566666;16,2621503304982;31,863280692624;29,3685409390579;32,7769151867967;29,4799491464906;29,3460478152584
2021-02-01;P1;Országos;12,016666;14,0261500018101;26,5281446468416;24,4975459660519;27,4823949095047;24,5863224497139;24,5074610848
2021-02-01;P2;Budapest;25,566666;38,5956116047332;91,2752897487764;81,8198376214076;90,8658313805789;83,5772843892266;81,8098611064385
2021-02-01;P2;Országos;15,983333;22,5875378510993;51,3298553714702;46,3943481533368;51,44231440386;47,1397673561135;46,4045069696928
2021-02-01;P3;Budapest;39,383333;65,1474942091504;161,01066437929;142,459629314122;159,077688873013;146,732949823406;142,46988720885
2021-02-01;P3;Országos;22,233333;39,54609;100,576339513317;87,9295431092637;98,8052790884312;91,2337221920709;87,9657811060319
2021-03-01;Kiemelt P1;Budapest;11,758333;14,3987710320513;28,9297994294481;26,599887225671;29,6211460251505;26,737514661888;26,5837214162609
2021-03-01;Kiemelt P1;Országos;11,05;13,0761587488464;25,2000248405898;23,2341090833258;26,0156172642493;23,33634286557;23,2448645481231
2021-03-01;P1;Budapest;15,1;19,0539545627062;39,5127059916723;36,1679242621575;40,2119678325434;36,4494942916282;36,1886883510116
2021-03-01;P1;Országos;13,016666;15,8237592658836;31,5324151052325;29,0234353290776;32,3324009598297;29,1472977031066;28,9954167459344
2021-03-01;P2;Budapest;32,416666;48,945327700359;115,728111313673;103,746872500464;115,243661798352;105,990813271387;103,755597402272
2021-03-01;P2;Országos;18,65;28,9383615775125;69,4133710181089;61,9895084552102;68,9518137207327;63,4901632589094;61,9991963635714
2021-03-01;P3;Budapest;51,8166665;88,3659310454544;221,155000905966;194,780363288195;218,001315932276;201,191919862734;194,774039400073
2021-03-01;P3;Országos;28,533333;51,4565698615267;131,501995823642;114,743558046266;129,04578256685;119,187610202266;114,75497871403
2021-04-01;Kiemelt P1;Budapest;11,0416665;11,9988091875;19,9343608909414;18,6237318376321;21,328149305993;18,6286164502893;18,6199395894224
2021-04-01;Kiemelt P1;Országos;10,85;12,0515999859485;20,9759417536201;19,5535648671106;22,1695060600431;19,545835548776;19,5218870307707
2021-04-01;P1;Budapest;12,5;14,5495103008511;27,4035164041856;25,3333986457649;28,4190685032235;25,3920867633208;25,3284716765057
2021-04-01;P1;Országos;11,616666;13,3962897662812;24,889950699401;22,9845308862778;25,894513307546;23,0889683933796;23,0275404447077
2021-04-01;P2;Budapest;20,883333;27,4244872642955;58,996006664416;53,7731145961545;59,6598381140024;54,3284529726109;53,7863289830414
2021-04-01;P2;Országos;16,25;21,3099873072497;45,7836776755807;41,7474424901753;46,3109364845681;42,1726866502273;41,7510191551964
2021-04-01;P3;Budapest;32,5249995;50,6274224488818;121,612104881755;108,575984699032;120,790622175485;111,233313277091;108,592261926119
2021-04-01;P3;Országos;22,916666;35,7899291718695;86,1236798353612;76,853741015096;85,4942074145711;78,7513781211247;76,858563878871
2021-05-01;Kiemelt P1;Budapest;9,833333;10,3471731812865;15,7117842951442;14,8123460452804;17,2865749501861;14,8009030681558;14,8027572282815
2021-05-01;Kiemelt P1;Országos;9,533333;10,7973852950981;19,4783009340962;18,0593773539828;20,4053934514457;18,106436285617;18,0710645841438
2021-05-01;P1;Budapest;11,35;12,7236562966361;22,5453318919927;20,9133985701652;23,7205071408337;20,9735703318598;20,9430744854614
2021-05-01;P1;Országos;10,75;12,2120867113447;22,1469469543513;20,5187227012681;23,1726069986085;20,5850506808435;20,5345615457462
2021-05-01;P2;Budapest;18,833333;24,2825145176181;51,3873981583468;46,9303793166628;52,1219010043225;47,3688650632495;46,958929753386
2021-05-01;P2;Országos;14,483333;18,4679952309656;38,6846504742216;35,4013603969531;39,3071985039826;35,6735924552453;35,3921620436688
2021-05-01;P3;Budapest;32,683333;46,8116158246754;107,295719095587;96,8373744196425;107,363375298066;98,4753593214527;96,8524663301159
2021-05-01;P3;Országos;20,65;31,3068017866608;74,1692046004501;66,4585326330218;73,8346109685533;67,9277084816825;66,4758602004905
2021-06-01;Kiemelt P1;Budapest;9,533333;10,7155276521739;19,0720394610567;17,7586898943397;20,0488761929238;17,7431295614348;17,7158544025378
2021-06-01;Kiemelt P1;Országos;9,566666;11,0814510071211;20,7280599511134;19,1676724442471;21,528139650139;19,2170267428472;19,1659637727761
2021-06-01;P1;Budapest;11,866666;13,436252808047;24,2287226114836;22,4809336822604;25,3847148434779;22,516774952034;22,4775029401774
2021-06-01;P1;Országos;11,0416665;12,6338947345376;23,1749205267579;21,4960736605438;24,1862019818937;21,5259969440663;21,4745253846746
2021-06-01;P2;Budapest;22,966666;31,2380716973478;69,1004674119606;62,7357115593038;69,5478788088569;63,5444928906901;62,7535140086261
2021-06-01;P2;Országos;14,533333;19,5850587975802;43,0160133784221;39,0901961630086;43,3499571059387;39,5870429699616;39,1089181178864
2021-06-01;P3;Budapest;50,783333;71,2543703917852;161,121275644871;145,824063134666;161,573383320328;148,040402234156;145,81251567486
2021-06-01;P3;Országos;22,033333;39,7838121809803;101,730449589904;88,7295817717735;99,8148905717312;92,1676039832923;88,7429041497152
2021-07-01;Kiemelt P1;Budapest;10,4;11,2064919186047;18,2356659781795;17,0790510536502;19,6374559410462;17,0758600098535;17,066428134873
2021-07-01;Kiemelt P1;Országos;10,316666;11,5789034994829;20,5558978567868;19,1087788487451;21,6219970224876;19,1260314940777;19,0964703222702
2021-07-01;P1;Budapest;12,083333;13,6122371977012;24,3284039512843;22,5722255163358;25,5423389839616;22,6326139368065;22,5877638817996
2021-07-01;P1;Országos;11,033333;12,4323005490216;22,2315393938197;20,647383464994;23,3446561369909;20,6764226671161;20,6376813945587
2021-07-01;P2;Budapest;24,366666;32,8667814236953;72,2482385743818;65,6692079954168;72,781554195649;66,4692146424756;65,6707782238144
2021-07-01;P2;Országos;14,7;19,8633928087144;43,7147228446083;39,7276965335453;44,0367401858317;40,2189981998287;39,7351961311443
2021-07-01;P3;Budapest;49,216666;76,2550711846554;182,764672171455;163,291197591751;181,578092314892;167,243688444903;163,284757389644
2021-07-01;P3;Országos;23,316666;41,6346533872095;106,023596988048;92,6841045782414;104,134782661187;96,1573345914551;92,6808022258329
2021-08-01;Kiemelt P1;Budapest;10,6749995;11,4352638902439;18,3151631284325;17,1372660154254;19,822907723042;17,180151974451;17,1720028312374
2021-08-01;Kiemelt P1;Országos;10,008333;11,1107895396826;19,3275575475336;17,9511024213324;20,4370244379956;18,0017561643978;17,980627518887
2021-08-01;P1;Budapest;12,066666;13,8243983652059;25,4140451919279;23,555270052653;26,5108403887216;23,5958172904297;23,542173607165
2021-08-01;P1;Országos;11,183333;12,8312183396379;23,6424979630034;21,8290214138087;24,6460259068404;21,9505958615944;21,8974405341448
2021-08-01;P2;Budapest;24,733333;33,4512928731555;73,6652871898446;66,9747192221357;74,2026105187797;67,7858842834732;66,9562623724705
2021-08-01;P2;Országos;14,766666;19,9045668595725;43,7215568805092;39,7681509022427;44,0515035294265;40,2307541944507;39,7536060471758
2021-08-01;P3;Budapest;50,983333;68,367179445838;149,566608635793;136,07905852358;150,862746210964;137,676226674867;136,073368237301
2021-08-01;P3;Országos;24,85;42,9628432855832;108,111767973179;95,0193202391107;106,435395398655;98,2579432553107;94,999822700366
2021-09-01;Kiemelt P1;Budapest;9,983333;11,5702726140351;21,6498906131457;19,994304188781;22,4898677329074;20,0879943261642;20,0259676661651
2021-09-01;Kiemelt P1;Országos;10,016666;11,4920930177639;21,1806012622508;19,6480026479604;22,0784502059855;19,6607532075487;19,6107722387893
2021-09-01;P1;Budapest;12,183333;13,9194889797102;25,4859687482956;23,5792647375897;26,6031297658225;23,6609338064607;23,6078809729392
2021-09-01;P1;Országos;11,15;12,8619327694281;23,9045073973965;22,1399910091313;24,8640347474728;22,1779261628277;22,1181501460147
2021-09-01;P2;Budapest;26;36,3126468098254;81,8534699258528;74,1042794243768;82,1514436665542;75,2152516240326;74,116182972292
2021-09-01;P2;Országos;14,883333;20,6365907626505;46,3015003062891;41,9224616374246;46,4935199170075;42,5502443834464;41,9448989982208
2021-09-01;P3;Budapest;51,5916665;75,6454831221374;175,910781731275;158,307371744682;175,643239819651;161,327747565436;158,309098206967
2021-09-01;P3;Országos;25,9666665;45,2271275584892;114,117309454008;100,169895659509;112,313224852998;103,69495393496;100,170145439887
2021-10-01;Kiemelt P1;Budapest;10,65;12,029552927835;21,6048438603334;20,071276847073;22,6541749113432;20,0858675806469;20,0473581036649
2021-10-01;Kiemelt P1;Országos;10,6;12,0634783158363;21,9389922409011;20,341174161642;22,9386900715406;20,38155659799;20,3408245089649
2021-10-01;P1;Budapest;12,733333;14,6729352698538;27,2276769183188;25,1670348768122;28,3290604582126;25,265431947446;25,195299028955
2021-10-01;P1;Országos;11,633333;13,3408888651362;24,5705660402467;22,7283967731523;25,6121104256384;22,8019451015179;22,7508566142613
2021-10-01;P2;Budapest;28,383333;39,5258010331174;88,9388304638032;80,5368702315613;89,2571227512263;81,7199540071028;80,5400418444176
2021-10-01;P2;Országos;15,716666;22,1658647174055;50,3010230704232;45,4725812833703;50,4242341529809;46,2006285686461;45,4882716953614
2021-10-01;P3;Budapest;59,833333;87,0269584887118;201,422749570475;181,412238471146;201,230320749074;184,74459617917;181,43700451107
2021-10-01;P3;Országos;28,3;51,0893087098656;130,632868455246;113,96361796899;128,177956349501;118,344538857952;113,957387505057
2021-11-01;Kiemelt P1;Budapest;11,633333;13,6379664315353;25,9530106338193;23,9557131259236;26,8558404959534;24,0457253843177;23,9632636397152
2021-11-01;Kiemelt P1;Országos;11,066666;12,5778679929677;22,8268701621309;21,2037256155923;23,8816905207562;21,2109486108833;21,1652387496971
2021-11-01;P1;Budapest;13,583333;15,9991300443311;30,6412593935212;28,2557349414525;31,672223486798;28,3748934903835;28,2787997044027
2021-11-01;P1;Országos;12,283333;14,2905426763438;26,8977545855014;24,859826444857;27,8993345484506;24,9384634890139;24,8619991562696
2021-11-01;P2;Budapest;30,516666;41,8176378390575;93,0013293743304;84,3965722081722;93,5435325263728;85,5183863981507;84,3981967323002
2021-11-01;P2;Országos;17,533333;25,1508638632372;57,6969989837669;52,0688135963742;57,7417402797873;52,9701982460908;52,077162410184
2021-11-01;P3;Budapest;65,266666;95,5951053182405;222,125621128446;199,943701586404;221,755829965048;203,744896052424;199,960676692571
2021-11-01;P3;Országos;31,4666665;53,9899537140348;135,437510305905;119,185994326615;133,420793972162;123,182539308982;119,175230388369
2021-12-01;Kiemelt P1;Budapest;10,925;12,0005205078125;20,4236342698374;19,0568323694131;21,7155385023567;19,059449426528;19,0375743060854
2021-12-01;Kiemelt P1;Országos;10,958333;12,0775834664805;20,6895288326526;19,2517245746438;21,9666039844926;19,3013368317993;19,2843676026778
2021-12-01;P1;Budapest;13,133333;14,9446034897542;27,1829427193153;25,1795203780284;28,4058861820186;25,2390247196716;25,1937819510571
2021-12-01;P1;Országos;11,916666;13,5773911404533;24,7479381839763;22,9208514146955;25,8525611601828;22,9851070479135;22,9330458923443
2021-12-01;P2;Budapest;27,0416665;37,1949741373858;82,9501142754785;75,2604929213077;83,3781737020586;76,2636265381847;75,2403459797734
2021-12-01;P2;Országos;16,65;22,6866917090222;50,2522917506876;45,6289699058447;50,5714682292706;46,2189167997992;45,625930863515
2021-12-01;P3;Budapest;57,3749995;77,6377651862745;171,067900199326;155,453655477423;172,283595343113;157,396286998827;155,451181361988
2021-12-01;P3;Országos;28,483333;46,2824109856111;113,460313603186;100,670805464318;112,295627860117;103,557931214563;100,6930906768
2022-01-01;Kiemelt P1;Budapest;10,383333;11,6359796351931;20,60554964224;19,1236805830515;21,6804603919211;19,1711201944456;19,1416413394995
2022-01-01;Kiemelt P1;Országos;10,633333;11,9031723415032;21,0246779768426;19,5556235825328;22,1414517296904;19,5773304402744;19,5451531082983
2022-01-01;P1;Budapest;12,466666;14,2881843662291;26,291833472277;24,3367540450864;27,3986460429123;24,4089535038162;24,3456614432988
2022-01-01;P1;Országos;11,833333;13,2318113080982;23,3282612453257;21,6896532463461;24,5774223944798;21,7650607968419;21,68580487237
2022-01-01;P2;Budapest;26,916666;36,9334255103299;82,218418149738;74,5996318308786;82,6608614515285;75,6228609668097;74,6012619109222
2022-01-01;P2;Országos;16,233333;21,9709040540584;48,4186074514004;43,9898262660626;48,7707385846236;44,5362190624623;43,9974126415619
2022-01-01;P3;Budapest;52,725;75,8638956790281;174,420040604553;157,337525487339;174,409505427415;160,057313356588;157,326508047162
2022-01-01;P3;Országos;28,175;46,1925180667826;113,722143228476;100,775022961306;112,439065741824;103,715663900716;100,762628058067
2022-02-01;Kiemelt P1;Budapest;10,7;12,3909626577778;23,1643749048831;21,4206245202259;24,0629756889891;21,478271939234;21,4231083039469
2022-02-01;Kiemelt P1;Országos;10,433333;11,9821865494411;22,1173620448224;20,4372584182121;23,0472710243724;20,522080015147;20,4767530874421
2022-02-01;P1;Budapest;12,7916665;14,3477046555259;25,442021271224;23,612014095739;26,7588732171056;23,6793338941972;23,6380868009275
2022-02-01;P1;Országos;11,75;13,0887675136018;22,9021662178741;21,3624417444023;24,185572426452;21,3398485031652;21,3103321118259
2022-02-01;P2;Budapest;27,866666;37,4410998828908;82,0548660775262;74,6166537891605;82,701795964878;75,4694064455848;74,6173545810407
2022-02-01;P2;Országos;16,15;21,8437115092984;48,1078436518142;43,7331939625802;48,4571608212458;44,267678374463;43,7240188588014
2022-02-01;P3;Budapest;55,766666;77,071798525661;172,479713997908;156,332011485271;173,238520499585;158,560184382053;156,351470393295
2022-02-01;P3;Országos;26,733333;43,8473665197856;107,926028102171;95,6485779050214;106,746247232888;98,4560126540643;95,6586125488771
2022-03-01;Kiemelt P1;Budapest;10,816666;12,4099256177778;22,8704357039869;21,1565274719149;23,8311597315894;21,2279209574173;21,1770021232868
2022-03-01;Kiemelt P1;Országos;10,15;11,1288381498288;18,8664788374516;17,6396224474002;20,0782592588824;17,6081845533388;17,5911410775773
2022-03-01;P1;Budapest;13,0416665;14,9034760677711;27,2769210431457;25,2663085200416;28,4852038870811;25,3378695182162;25,2851463624357
2022-03-01;P1;Országos;11,583333;13,2356083335121;24,2331668600785;22,4517644065624;25,2949662724614;22,5021939750197;22,4520736392102
2022-03-01;P2;Budapest;29,916666;41,0197368501472;91,2546289193869;82,8133005810551;91,7981830974166;83,9088190379561;82,8179413900029
2022-03-01;P2;Országos;15,833333;22,2074142673958;50,2229955106572;45,4621816144281;50,3575342346954;46,1328978990236;45,4348903935338
2022-03-01;P3;Budapest;72,7499995;101,378013865691;228,124160796841;206,647462598843;229,034549065223;209,698242574795;206,653800441072
2022-03-01;P3;Országos;27,75;50,5303193205847;129,580074356846;112,870835418431;127,058814956097;117,337901532145;112,880553132003
2022-04-01;Kiemelt P1;Budapest;10,733333;12,7079034020619;24,5062131327558;22,610821082699;25,2985677807022;22,6931348323965;22,604137015064
2022-04-01;Kiemelt P1;Országos;10,35;11,5105567844255;20,0887704684044;18,658287917946;21,2182963722409;18,7097477950395;18,6870477299632
2022-04-01;P1;Budapest;13,066666;14,9744995279806;27,5348860580306;25,4830357833698;28,7308706817188;25,5675708991706;25,5117263926256
2022-04-01;P1;Országos;11,65;13,2600541771498;24,1228519021621;22,3250295057817;25,2165491643365;22,4070968294447;22,3625515022068
2022-04-01;P2;Budapest;28,75;38,8619500320256;85,5642170992856;77,7419236044148;86,1928310421712;78,7392326195077;77,7579160605581
2022-04-01;P2;Országos;15,683333;21,6449540526121;48,3974908843211;43,8223859324981;48,6141557577307;44,4807673734271;43,8737509862565
2022-04-01;P3;Budapest;62,75;83,3023418713018;180,788575410252;164,668117403461;182,48389516347;166,428636726588;164,654541128105
2022-04-01;P3;Országos;25,983333;44,1149065299997;110,216910468383;97,1488919079476;108,662148988792;100,29574873145;97,1323656491902
2022-05-01;Kiemelt P1;Budapest;11,1999995;12,3505772227723;21,1932006817199;19,7326585457988;22,4828726615837;19,7625270751031;19,7404508816331
2022-05-01;Kiemelt P1;Országos;10,816666;11,4828816145833;17,9290148459551;16,9090971004694;19,5524317521726;16,8459836576941;16,8470605867115
2022-05-01;P1;Budapest;12,616666;14,2560402010913;25,6108140871053;23,7997450488609;26,8604127195693;23,8109730834471;23,7712937291581
2022-05-01;P1;Országos;11,55;13,129823362449;23,8456067252048;22,0830461432458;24,9323831285804;22,1469566688791;22,1007896604452
2022-05-01;P2;Budapest;25,883333;34,099758503766;73,557270948826;67,0368856537128;74,3401253417578;67,7262037806262;67,0351258790875
2022-05-01;P2;Országos;15,25;20,3595323536047;44,3891183336341;40,4331995826727;44,7921539521459;40,8568951538689;40,400608254765
2022-05-01;P3;Budapest;52,216666;74,8363496931964;171,678552198032;154,873663018702;171,699251589953;157,508484968128;154,885521244271
2022-05-01;P3;Országos;26,7666665;44,007744649884;108,47632417418;96,076891996654;107,230405829309;98,8913242098706;96,0747164725893
2022-06-01;Kiemelt P1;Budapest;11,0416665;13,1355019794521;25,497054389707;23,48966251824;26,2789845507633;23,5885697290441;23,4977833559966
2022-06-01;Kiemelt P1;Országos;10,516666;11,7664255490196;20,7485326440116;19,2451129608493;21,8773456578201;19,3293742923214;19,3034539092827
2022-06-01;P1;Budapest;12,7;14,7902577369275;27,8820083723154;25,7747580421047;28,9148407740747;25,8514605304006;25,7659179063397
2022-06-01;P1;Országos;11,633333;13,2414800608437;24,0904442726155;22,3355146746732;25,1868311528676;22,3823433502278;22,3322419224838
2022-06-01;P2;Budapest;28,866666;38,8960604554091;85,4003657446421;77,6465493284606;86,0639595928477;78,6109747450227;77,6646046254182
2022-06-01;P2;Országos;15,683333;21,6760534178454;48,5032872404259;43,9740787611699;48,7349597257203;44,5866672508113;43,9743232053879
2022-06-01;P3;Budapest;67,216666;96,6035820262122;221,965406679675;200,205169947811;222,007935350182;203,636935272037;200,219830045418
2022-06-01;P3;Országos;28,783333;50,1475078860896;126,538310422477;111,067505333974;124,53371732841;114,993623919581;111,074866622612
2022-07-01;Kiemelt P1;Budapest;10,6416665;12,0668536460674;21,8174109226515;20,2039561205639;22,8437517780325;20,2752353170583;20,2328352066829
2022-07-01;Kiemelt P1;Országos;10,883333;11,6989427590244;18,9113013575549;17,6981635109131;20,4101044396909;17,7248130681741;17,7155796655447
2022-07-01;P1;Budapest;12,916666;15,3983482945678;29,9601015209572;27,6468803644481;30,8589814483661;27,7233434055704;27,613362990984
2022-07-01;P1;Országos;11,983333;13,6776451522116;25,0040599799083;23,1807862681192;26,1064798408149;23,216874768861;23,1640881643914
2022-07-01;P2;Budapest;31,316666;43,5279681345685;97,7899211050592;88,5886103384499;98,1710564940794;89,8777290005403;88,5979922184992
2022-07-01;P2;Országos;16,166666;22,9957079383067;52,4869664276602;47,3960594783999;52,5551647603677;48,1914618480941;47,4073537993265
2022-07-01;P3;Budapest;64,983333;92,6841374480197;211,883443992958;191,356540593703;212,120612436845;194,533954321063;191,34661675352
2022-07-01;P3;Országos;28,95;49,3940469941044;123,647208272002;108,891452551532;121,875956193831;112,477402142835;108,885837141025
2022-08-01;Kiemelt P1;Budapest;10,5;11,5788703497268;19,8651511752595;18,4630622526455;21,077897125334;18,5265054343989;18,5076169272528
2022-08-01;Kiemelt P1;Országos;10,266666;11,6877112529297;21,2654659433814;19,6825413101006;22,2362359864221;19,7610753687827;19,7164155224829
2022-08-01;P1;Budapest;12,116666;14,1091167474089;26,5908559949041;24,5943632627531;27,5754725867196;24,6514555306991;24,5751713821061
2022-08-01;P1;Országos;11,35;12,9011178263319;23,4107975270049;21,6908559744602;24,5009904845176;21,7543301969901;21,7123431282491
2022-08-01;P2;Budapest;30,033333;40,9186279686719;90,6286884678131;82,2855124345629;91,2133346851408;83,361486668892;82,2880621994928
2022-08-01;P2;Országos;15,6;21,8956652471868;49,5332941191042;44,8318842833785;49,6702477152834;45,5043063370772;44,8147716577332
2022-08-01;P3;Budapest;71,191666;96,8574488758464;214,318777895237;194,594556735613;215,731143540249;197,125980166533;194,608305194871
2022-08-01;P3;Országos;28,6749995;49,0875389883143;123,024740577861;108,308747508229;121,249790293997;111,898915323784;108,295644450569
2022-09-01;Kiemelt P1;Budapest;10,783333;12,0680552205882;21,3126851612769;19,8399010808784;22,4463471696451;19,8368776948582;19,8074394345892
2022-09-01;Kiemelt P1;Országos;10,3;11,3606465311049;19,4959268032774;18,1874939367048;20,690229895387;18,1811838444988;18,165860635178
2022-09-01;P1;Budapest;12,033333;13,6982965451293;24,9259054133138;23,1690237253966;26,0559821743863;23,1583256968078;23,1065764378668
2022-09-01;P1;Országos;10,9;12,4012842181205;22,544408264323;20,9238083976902;23,5758784485024;20,9412585631457;20,9011506738219
2022-09-01;P2;Budapest;28,133333;38,4041948223416;85,1819505284101;77,3358937419002;85,7000949012699;78,3581198732843;77,3251953079225
2022-09-01;P2;Országos;14,983333;20,9597574474613;47,3062865388565;42,8318782218468;47,4517506558582;43,4530298765255;42,8187279624717
2022-09-01;P3;Budapest;60,016666;81,2911950924137;179,263167734022;162,865862271621;180,548939357322;164,93432304672;162,868414347273
2022-09-01;P3;Országos;26,8666665;44,1747505110741;108,890401557751;96,4324630525585;107,629237907209;99,2945241472087;96,4409265511904
2022-10-01;Kiemelt P1;Budapest;10,5499995;11,5807014210526;19,6706424105745;18,3509568943061;20,9290159914766;18,3582152473164;18,3469981295837
2022-10-01;Kiemelt P1;Országos;10,016666;11,3507347371737;20,5015590978224;19,0109358062358;21,462665455676;19,0514100479703;19,0127259131131
2022-10-01;P1;Budapest;12,25;13,8856460176119;25,0878580125727;23,2816396610263;26,2661156032397;23,3140247378395;23,2695640184057
2022-10-01;P1;Országos;11,233333;12,7155514809233;22,9222671349021;21,2479552492605;24,0090079000674;21,3058440538159;21,2623791754199
2022-10-01;P2;Budapest;27,266666;37,1763306150117;82,3836331896587;74,7903076105971;82,9004820457018;75,7698359445102;74,7965388752125
2022-10-01;P2;Országos;15,033333;20,9225272846977;47,0549724685404;42,6253052794957;47,2367110003631;43,234714517729;42,6183474931354
2022-10-01;P3;Budapest;60,175;82,3150132472826;182,86128547632;165,948235428787;183,930349233956;168,139683655046;165,952706101256
2022-10-01;P3;Országos;27,9;46,259979150428;114,444900506502;101,222862985921;113,06872787976;104,303798786094;101,230423537062
2022-11-01;Kiemelt P1;Budapest;10,416666;11,2702142029703;18,5211938868727;17,299392165143;19,887471413061;17,3372334118532;17,3228668558865
2022-11-01;Kiemelt P1;Országos;9,883333;11,121710800368;19,8356964912288;18,4495402338435;20,8379457929237;18,4567262484297;18,4221821876285
2022-11-01;P1;Budapest;11,7416665;13,34255875;24,2121954043586;22,4132217669207;25,3213460330339;22,483961452899;22,4456021424089
2022-11-01;P1;Országos;10,883333;12,3210364880674;22,2178363496042;20,6086070386692;23,2727777536566;20,6630351979113;20,6070748860632
2022-11-01;P2;Budapest;26,466666;35,9656934821466;79,481727291573;72,2231761249146;80,0388354239744;73,1206301909676;72,208792293754
2022-11-01;P2;Országos;15,083333;20,7231112019216;46,1840971220585;41,8962287903603;46,4232458720298;42,4563417070486;41,8911635671544
2022-11-01;P3;Budapest;59,283333;81,5808317563151;182,020140629787;165,069473421217;182,937481568221;167,346459585006;165,073884568052
2022-11-01;P3;Országos;27,2;44,99478923028;111,201391664636;98,3880268938398;109,869065109615;101,340146002797;98,398804976867
2022-12-01;Kiemelt P1;Budapest;10,158333;11,0911013305085;18,6147904293069;17,3567971425084;19,8751090673788;17,3960817333618;17,3826602402417
2022-12-01;Kiemelt P1;Országos;10,15;11,4248781473523;20,3832410478775;18,9688729680893;21,4170569875125;18,9631262061232;18,9327219979179
2022-12-01;P1;Budapest;11,966666;13,4684059270665;24,0368260635748;22,2914055230052;25,2456426296042;22,3424787784133;22,315579994569
2022-12-01;P1;Országos;11,133333;12,633388348777;22,8561745865084;21,1894027905064;23,9348160593933;21,2494024109927;21,2062656891998
2022-12-01;P2;Budapest;27,533333;38,528936268773;86,9587348205008;78,7146677491212;87,2481960393516;79,9058750951145;78,7262047410243
2022-12-01;P2;Országos;15,383333;21,4186863399743;48,1721679948919;43,6634054681135;48,3717242840371;44,2710773647604;43,6396179540277
2022-12-01;P3;Budapest;59,6166665;86,58056217;200,19946932247;180,371944111727;200,036125836276;183,687952885818;180,37459286155
2022-12-01;P3;Országos;26,266666;45,639919227296;115,081714038708;101,040561643536;113,247613920213;104,556455001458;101,031541771515
2023-01-01;Kiemelt P1;Budapest;9,9999995;11,4110290784314;20,8464457612167;19,3543645058893;21,7678435069373;19,3570644432314;19,3181768078421
2023-01-01;Kiemelt P1;Országos;9,666666;10,9993675319149;20,0063713273322;18,57371186369;20,9150613495973;18,5775287929925;18,541660697088
2023-01-01;P1;Budapest;11,716666;13,0008535929775;22,5823236772085;21,0505539416133;23,8806388275886;21,0409009852858;21,0204846663728
2023-01-01;P1;Országos;10,916666;12,1248699656589;21,102225122008;19,6390381035528;22,3111355278401;19,6581034531404;19,6383070528658
2023-01-01;P2;Budapest;23,716666;31,3665268690814;67,8727108267815;61,8131444735939;68,5700325508162;62,4920651497163;61,8341136024899
2023-01-01;P2;Országos;14,816666;19,3241391361994;41,3344655065004;37,703562208405;41,8277248106522;38,0660062685452;37,7051282948577
2023-01-01;P3;Budapest;47,6;60,326282525657;125,658470442654;115,00726140682;127,763710157474;115,876894611082;115,011279150228
2023-01-01;P3;Országos;25,166666;38,6870774580346;92,3377114780547;82,5876817554815;91,8013252296804;84,5281962357692;82,5960649174617
2023-02-01;Kiemelt P1;Budapest;9,858333;10,1529821315789;14,13741353856;13,4759040498335;16,0901804774141;13,4564863938487;13,454894967575
2023-02-01;Kiemelt P1;Országos;9,758333;11,0068922779961;19,7147418794924;18,332754950057;20,6868469496243;18,336933727173;18,3017510292812
2023-02-01;P1;Budapest;11,166666;12,4028098968069;21,584557918554;20,5968312517926;22,82164379518;20,110394156051;20,0892675706501
2023-02-01;P1;Országos;10,733333;11,9465467687015;20,8740085219563;19,3932489240763;22,044801137664;19,4521896520341;19,4227625106651
2023-02-01;P2;Budapest;23,916666;31,9994546389532;69,9080630765487;63,5942612851968;70,4958391054817;64,3194507545203;63,5926677265797
2023-02-01;P2;Országos;14,683333;19,3468275042347;41,7271681778321;38,0276183748472;42,175749631234;38,4272661556893;38,0364588584346
2023-02-01;P3;Budapest;43,9749995;62,2203930403727;141,491382082526;127,922113011436;141,770734067646;129,935901719288;127,910879158518
2023-02-01;P3;Országos;23,716666;37,4472413380004;90,5877848524074;80,7151555201863;89,8715814430795;82,7944662271181;80,725603023366
2023-03-01;Kiemelt P1;Budapest;8,9416665;10,3423073557692;19,3097231357056;17,8256259147447;20,0617995886012;17,8971476829409;17,8516760806007
2023-03-01;Kiemelt P1;Országos;9,216666;10,3846194493997;18,561512965569;17,2428436470479;19,4895108791621;17,26313646387;17,236714167363
2023-03-01;P1;Budapest;11,016666;12,2951628561329;21,6096944478669;20,1071346028355;22,7799828976742;20,1125017347259;20,0846223639295
2023-03-01;P1;Országos;10,55;11,7715483881474;20,6751861273418;19,1858084712375;21,8009344649636;19,2434636182434;19,2213634864808
2023-03-01;P2;Budapest;26,033333;35,4452000161532;78,4953354239825;71,230632542138;78,9653712306176;72,1578776934705;71,2509207609605
2023-03-01;P2;Országos;14,55;19,9957664286944;44,5730595455503;40,4532897044557;44,8069138106853;40,9834575260614;40,4274970976455
2023-03-01;P3;Budapest;57,125;75,7294424457832;164,156265359711;149,549054796504;165,791222530152;151,166227993025;149,539193335435
2023-03-01;P3;Országos;25,116666;41,3615542712161;102,019763476611;90,3418420110329;100,840744186117;93,0109458879735;90,3390944397797
2023-04-01;Kiemelt P1;Budapest;10,091666;12,1362935131579;23,88771679985;21,9876319658477;24,5359404038913;22,0784928580812;21,9808829510533
2023-04-01;Kiemelt P1;Országos;10,166666;11,7814028197382;22,0527068203333;20,3296704973749;22,8966507719688;20,4388044350716;20,388228765774
2023-04-01;P1;Budapest;11,166666;12,5266249326055;22,2233232367684;20,6927201384945;23,3681589302712;20,662007925468;20,6422220417392
2023-04-01;P1;Országos;10,533333;11,8956878792024;21,3618815224215;19,8578879116035;22,3908122978406;19,8594746564868;19,8187201333726
2023-04-01;P2;Budapest;26,35;36,87470702799;83,2495988159093;75,359480828814;83,5147501903616;76,4730592849744;75,3480446430097
2023-04-01;P2;Országos;14,7;20,4226725192959;45,8687308041901;41,5928751383346;46,0513623243736;42,1632428297621;41,5578878200588
2023-04-01;P3;Budapest;54,6249995;79,8004688297587;185,188693311519;166,727331935094;184,933002781839;169,825706280462;166,718528524205
2023-04-01;P3;Országos;24,766666;41,7599776750378;104,034490785666;91,7666805732035;102,603511560964;94,7202892069599;91,7889860476173
2023-05-01;Kiemelt P1;Budapest;9,35;10,5443690135135;18,877800337309;17,4865165444308;19,8135297240036;17,5593442055015;17,5274750948202
2023-05-01;Kiemelt P1;Országos;9,716666;10,9104122901354;19,3818479600439;17,98537009648;20,3885993786234;18,0359615873495;18,0074749454872
2023-05-01;P1;Budapest;11,3249995;12,552966695055;21,7672589619205;20,2800558980038;23,0239221035657;20,2796437851685;20,2573214381178
2023-05-01;P1;Országos;10,608333;11,847235023644;20,8452623194186;19,4236198588997;21,9663427106175;19,3986515720174;19,3749662581249
2023-05-01;P2;Budapest;24,25;32,7429132395917;72,0285496773384;65,4805009729618;72,5550954986456;66,269418215325;65,4671628585557
2023-05-01;P2;Országos;14,55;19,462191387018;42,5157814296986;38,6682698195536;42,863400743249;39,1093568871021;38,6704525785923
2023-05-01;P3;Budapest;50,0749995;68,7538714615385;153,082158297095;138,921093399679;153,944374799315;140,796903786522;138,929134003796
2023-05-01;P3;Országos;24,983333;40,3671982508398;98,7436659068869;87,6724511732175;97,725483703386;90,1276099444338;87,6733106131239
2023-06-01;Kiemelt P1;Budapest;9,566666;10,3052013248408;16,7522309546058;15,6699655940468;18,0396393239303;15,6857647607392;15,6820780083171
2023-06-01;Kiemelt P1;Országos;9,858333;10,980650221328;19,2112811451736;17,9493766966303;20,2889727408571;17,8938468391521;17,8753945992123
2023-06-01;P1;Budapest;11,316666;12,4968811156443;21,495776794393;19,9682158223232;22,7896482139051;20,0491021751168;20,0276565608194
2023-06-01;P1;Országos;10,616666;12,0274654410986;21,7120238676405;20,1214189672124;22,7316646395969;20,1769299731357;20,1379352121888
2023-06-01;P2;Budapest;23,883333;32,1456608990014;70,5283998906098;64,1205422195743;71,0880090058092;64,9055587385641;64,1389089740967
2023-06-01;P2;Országos;14,466666;19,2672604386709;41,9359393393854;38,1650919936863;42,3131428491323;38,5987755530568;38,1697026020375
2023-06-01;P3;Budapest;46,75;67,0418019330923;153,798690324329;138,784031456484;153,872416222036;141,180296914183;138,795948094081
2023-06-01;P3;Országos;23,3;38,2425671704767;94,176823056716;83,4423847348672;93,1278082706627;85,9027752885369;83,4476574161502
2023-07-01;Kiemelt P1;Budapest;9,883333;10,6155477516779;17,1307960392427;16,000587407146;18,4943661127606;16,0540614570829;16,0445760343814
2023-07-01;Kiemelt P1;Országos;9,25;10,6418317753396;19,6963977620499;18,2392764677692;20,5056056363007;18,2648791624292;18,2317806912431
2023-07-01;P1;Budapest;11,35;12,7681342287034;22,765430023328;21,1009505959068;23,9182682819215;21,1749563165529;21,138443658834
2023-07-01;P1;Országos;10,8;12,133384006121;21,578617735591;20,0375148853482;22,6827498334577;20,0670484583674;20,0439036731119
2023-07-01;P2;Budapest;27,616666;37,8764342902442;84,2909804606036;76,4978632243073;84,7572492094185;77,519117546857;76,484430624213
2023-07-01;P2;Országos;14,766666;20,4251510341573;45,7289619102267;41,4638250067884;45,9474744268514;42,0446576943446;41,4558754708941
2023-07-01;P3;Budapest;55,258333;80,5200867294776;186,557880281506;168,002843395277;186,368202391307;171,140716039772;168,018558112622
2023-07-01;P3;Országos;24,716666;39,3034296546059;95,4071025095583;84,9444050669031;94,5817469336506;87,1589514612617;84,9285987344852
2023-08-01;Kiemelt P1;Budapest;10,733333;11,6040430710059;19,0343056888531;17,7320781397606;20,4442786623775;17,8191903468117;17,8058070682956
2023-08-01;Kiemelt P1;Országos;10,25;11,2903876878307;19,3251941272198;18,0448788930344;20,5157243877732;18,0240955355557;18,0075896691627
2023-08-01;P1;Budapest;12,0249995;13,5919010749296;24,4527631287937;22,7082535154354;25,6178841126948;22,7195772895282;22,6755680229786
2023-08-01;P1;Országos;11,066666;12,4190245988891;22,0488270463709;20,4858757909645;23,1809696667099;20,506111283318;20,4775239377971
2023-08-01;P2;Budapest;27,266666;37,4970815950414;83,5873905989033;75,8562645200749;84,0479830219592;76,8734930859925;75,8424437521543
2023-08-01;P2;Országos;15;20,5427634420467;45,6691122824955;41,4445348081841;45,9329922810079;42,0018095961303;41,4453458819789
2023-08-01;P3;Budapest;54,683333;76,9869668852459;174,447078486207;157,844820739481;174,956302707289;160,284975753435;157,839186992302
2023-08-01;P3;Országos;26,25;43,1725194862814;106,430353632549;94,2563377748831;105,202069762132;97,0452358650298;94,2601688940644
2023-09-01;Kiemelt P1;Budapest;10,333333;13,1222218813559;27,3810648210301;25,0367905399606;27,8314638039299;25,2512366899711;25,0602404540428
2023-09-01;Kiemelt P1;Országos;9,9999995;11,6753761190965;22,0850671331592;20,4042633466116;22,8890557346899;20,471541095979;20,4071551666234
2023-09-01;P1;Budapest;12,1;13,8026312549958;25,2105135666142;23,3580491494192;26,3250837945154;23,3977639005423;23,3550791963696
2023-09-01;P1;Országos;11,016666;12,5980068903621;23,0958097947033;21,4390032687834;24,102708751868;21,4498974924494;21,3953214024708
2023-09-01;P2;Budapest;28,566666;39,8743643884661;89,8441577115338;81,3509473034431;90,1637198415743;82,5785442528389;81,3591848051654
2023-09-01;P2;Országos;14,85;21,0371199937921;47,8780447193493;43,264748941485;47,9718047782851;43,9740235194882;43,2760011356026
2023-09-01;P3;Budapest;57,2249995;82,0135916051725;188,052856534032;169,738380010683;188,164989041474;172,640730034636;169,739262035117
2023-09-01;P3;Országos;27,3;44,4385801802445;109,058775057155;96,7267119589371;107,889960960698;99,4989284901489;96,7331084578977
2023-10-01;Kiemelt P1;Budapest;10,433333;12,031723125;22,3516709604008;20,6349353461874;23,2465278188883;20,7339832357663;20,6820352021036
2023-10-01;Kiemelt P1;Országos;10,35;12,427994811647;24,4032484598788;22,4832060296054;25,0949903487836;22,5809403172996;22,4709801984926
2023-10-01;P1;Budapest;12,383333;13,9423607852365;24,9006414615512;23,1884916961257;26,139363805182;23,1533728304763;23,1144042974668
2023-10-01;P1;Országos;11,366666;12,8929759574255;23,3312785971649;21,6155741074226;24,4157663051478;21,6720233450014;21,6285187893472
2023-10-01;P2;Budapest;31,008333;42,8044508605994;95,7001545648896;86,757322886511;96,1754747068349;87,9714782953605;86,7744773779086
2023-10-01;P2;Országos;15,466666;22,0790787321345;50,4934531147923;45,5843627291343;50,5591275961096;46,3718218764852;45,6030914606212
2023-10-01;P3;Budapest;69,816666;92,4487764513761;200,24548002945;182,405729675315;202,254537112419;184,370975986336;182,406252755716
2023-10-01;P3;Országos;27,8666665;48,1039728839281;120,964092757183;106,320897262863;119,126734980658;109,959678652019;106,330884044125
2023-11-01;Kiemelt P1;Budapest;10,916666;11,343589451282;16,4790392202209;15,5383373297391;18,4095681252133;15,572528049059;15,5688106762669
2023-11-01;Kiemelt P1;Országos;10,283333;11,4414166744939;19,9905495691104;18,5816490720728;21,1062496862948;18,6082300156068;18,5892396626688
2023-11-01;P1;Budapest;12,866666;14,5540150394911;26,1943849896896;24,3400234453352;27,4559072936282;24,3569107439212;24,3092034829027
2023-11-01;P1;Országos;11,816666;13,3066181230706;23,7529534156936;22,0470373038666;24,9611609625416;22,1022538133652;22,0665631062492
2023-11-01;P2;Budapest;30,3416665;41,5807112962097;92,496585737361;83,9207039486757;93,0165761460669;85,0173761502814;83,9235913380695
2023-11-01;P2;Országos;16,083333;22,484877567087;50,7097376155122;45,9222931492888;50,8944722652471;46,6022572329587;45,9186691410405
2023-11-01;P3;Budapest;59,2;82,5355786021053;185,839012716287;168,275082017051;186,511044255806;170,755870300067;168,290777706811
2023-11-01;P3;Országos;27,8;44,8221552034469;109,510045535793;97,2811712288162;108,455950546704;99,990081186033;97,2844482532746
2023-12-01;Kiemelt P1;Budapest;11,333333;13,2220605228216;24,9909273154407;23,1231055010891;25,9001984418272;23,1563923014985;23,0877036469058
2023-12-01;Kiemelt P1;Országos;11,25;12,8163101628593;23,3500513643482;21,6284038932705;24,4030035621747;21,6909472199138;21,6436910996141
2023-12-01;P1;Budapest;13,966666;16,0850394906279;29,8141679385731;27,5995673682845;31,0384879236319;27,6635448347736;27,5980690556219
2023-12-01;P1;Országos;12,833333;14,5777206621238;26,4392727479101;24,445557647473;27,6571136621529;24,5520653583375;24,5096499856381
2023-12-01;P2;Budapest;36,433333;49,5666402271267;109,637387231143;99,5913915753271;110,439285218484;100,855234123785;99,5885502500553
2023-12-01;P2;Országos;17,7;25,7184389354871;59,4725922426035;53,6181418596072;59,4434650982319;54,5666342153298;53,5926411674478
2023-12-01;P3;Budapest;81,583333;104,339738688612;219,151822967648;200,471209958894;222,556965921669;202,166655019137;200,45502228426
2023-12-01;P3;Országos;31,0916665;52,487292230519;130,830910168802;115,398894840053;129,059436119459;119,08781221057;115,402550318227
2024-01-01;Kiemelt P1;Budapest;11,383333;12,8516584312796;23,0633464028067;21,3815172959555;24,1792405204796;21,4482731881944;21,4008389041119
2024-01-01;Kiemelt P1;Országos;10,4;11,8695778946939;21,6947736872393;20,1229847217371;22,650158766632;20,1483901173311;20,0998004107391
2024-01-01;P1;Budapest;13,4;15,2618893746048;27,7934742748639;25,7844815069339;29,0479335396052;25,8233574723778;25,7640985859557
2024-01-01;P1;Országos;12,366666;14,0051698518065;25,2665508359313;23,4170604911219;26,4655954519317;23,4840864150317;23,4365551016286
2024-01-01;P2;Budapest;34,216666;45,6401447503834;99,5089295892927;90,5066656779191;100,331282241171;91,5521020834757;90,5107374830539
2024-01-01;P2;Országos;16,95;24,1672265960382;55,2461001090432;49,898796360831;55,306067777328;50,7146138394679;49,8845359838427
2024-01-01;P3;Budapest;66,2916665;91,3764136462095;204,129455764633;185,064961760293;205,092011019354;187,6486072337;185,079096538857
2024-01-01;P3;Országos;28,366666;47,421833814078;117,708458184601;103,996439119986;116,221631905423;107,243995341436;104,002748511978
2024-02-01;Kiemelt P1;Budapest;10,566666;12,0484342651934;21,9850743004741;20,397621495602;22,9690051959945;20,4121475287134;20,373907858286
2024-02-01;Kiemelt P1;Országos;11,033333;11,8578013862069;19,1603276166638;17,9646361949092;20,6684118592872;17,9562754830135;17,9475778360758
2024-02-01;P1;Budapest;13,633333;15,3202701804591;27,2627641931374;25,3138364254539;28,6531507268773;25,3670600120385;25,318763488112
2024-02-01;P1;Országos;12,25;13,7809860871882;24,5733334711284;22,828413322271;25,8244324984515;22,8573622078873;22,8163716789375
2024-02-01;P2;Budapest;30,816666;40,5104630672992;87,2223530311919;79,5200014093687;88,1697629007261;80,3302955361842;79,510743963015
2024-02-01;P2;Országos;16,816666;23,0599841540479;51,3124994170238;46,5748045550174;51,6005044445729;47,1875144999567;46,5601884838492
2024-02-01;P3;Budapest;58,383333;81,4212377580953;183,340694034393;166,019812687469;183,986433087091;168,505695364663;166,046889070301
2024-02-01;P3;Országos;28,25;46,0221608378447;112,954823288692;100,191183449974;111,768141781164;103,082067472413;100,204327842172
2024-03-01;Kiemelt P1;Budapest;11,516666;12,9789470116959;23,2155809361387;21,5267490799546;24,3743960040664;21,5881199604393;21,5505823906715
2024-03-01;Kiemelt P1;Országos;10,916666;12,6010378274411;23,4427034404354;21,7024976219384;24,3855130670891;21,7376848640039;21,6893410706711
2024-03-01;P1;Budapest;14,066666;16,2550330612475;30,2850990881322;28,0355406680894;31,4967412284289;28,1018639411265;28,0217033597564
2024-03-01;P1;Országos;12,7;14,4484602068242;26,2556207165699;24,3433865754674;27,4674989340751;24,4040010249082;24,3495597039196
2024-03-01;P2;Budapest;29,416666;38,6823399154034;83,3114162062623;75,9533837829979;84,2283216866419;76,7389313678112;75,940281278925
2024-03-01;P2;Országos;16,516666;22,2399613579034;48,8098858220454;44,394006207067;49,2029677714033;44,9164417886416;44,3869372395719
2024-03-01;P3;Budapest;38,158333;50,0522497867538;107,555105412739;98,1203070705847;108,788917128645;99,0756483924685;98,0809689718308
2024-03-01;P3;Országos;19,3;28,2715683501531;65,723145386639;59,1634167622855;65,6151804992625;60,2553418478234;59,1400133809135
2024-03-01;P4;Budapest;54,708333;69,4965257282878;145,074046572715;132,745924074977;147,472971721833;133,822998130671;132,75860368842
2024-03-01;P4;Országos;22,216666;35,5134039484778;86,4474061373199;76,8599797179167;85,6250490608809;78,9292393592519;76,8703184468174
2024-03-01;P5;Budapest;46;64,2699997172414;144,931934733469;131,210158892777;145,42860737604;133,142398644948;131,207171433961
2024-03-01;P5;Országos;19,8249995;30,5293950554893;72,9385810580662;65,2250866682074;72,5019280426076;66,7404371053478;65,223284306333
2024-04-01;Kiemelt P1;Budapest;10,983333;12,3017448376963;21,7607162360894;20,2228639181741;22,9033430870966;20,2502093423497;20,2184820119398
2024-04-01;Kiemelt P1;Országos;10,65;11,8733146102941;20,8197092706353;19,4045779825497;21,9589908362355;19,3874412758075;19,3596396053112
2024-04-01;P1;Budapest;13,916666;15,9203875591296;29,208578262994;26,9870516646544;30,4708867194893;27,1125904301912;27,0530474178214
2024-04-01;P1;Országos;12,516666;14,1640023249094;25,5183307146852;23,7164477481536;26,7416690808187;23,7126573954394;23,6733117252358
2024-04-01;P2;Budapest;24,833333;32,7017060796123;70,4998563035541;64,2483084660761;71,2658432604669;64,9362609325622;64,2657145913809
2024-04-01;P2;Országos;15,95;20,7716631397838;44,3699592373314;40,4737864445943;44,9160100149083;40,8756124922858;40,4841784518104
2024-04-01;P3;Budapest;33,2916665;43,961656513261;94,9892713743574;86,585374456215;95,9747910474805;87,4709596404025;86,5670838334869
2024-04-01;P3;Országos;18,483333;25,9542728994976;58,7329962843482;53,1650648508266;58,8874955829129;53,9455766934848;53,1349550643317
2024-04-01;P4;Budapest;47,7749995;65,2770198749999;144,903594709327;131,51830746446;145,731471800989;133,208194342641;131,508340816257
2024-04-01;P4;Országos;22;34,3724575183878;82,7256852481589;73,8432418232935;82,1243176924247;75,6446344521589;73,8253845487506
2024-04-01;P5;Budapest;47,35;77,1181315384615;189,294350878774;167,907197537801;187,263908954896;172,714563941203;167,896892453081
2024-04-01;P5;Országos;19,133333;32,8429475830259;82,4072351890262;72,4907669181775;81,1870788042358;74,933199928409;72,5035528023589
2024-05-01;Kiemelt P1;Budapest;10,7416665;12,1660916091954;21,9684999847876;20,3305460054083;22,9925652608763;20,4045531831617;20,362212910428
2024-05-01;Kiemelt P1;Országos;10,733333;12,0383426406551;21,3408123027804;19,8282636535291;22,4533196677113;19,8586000753909;19,8315989717935
2024-05-01;P1;Budapest;13,4;15,2873186150107;27,9096050432928;25,8538160922267;29,1567207810822;25,9216314708555;25,8717394083739
2024-05-01;P1;Országos;12,45;14,0983091376395;25,4365810820951;23,6068342812409;26,6395198365463;23,6405358777768;23,5891706610313
2024-05-01;P2;Budapest;25,408333;32,7990847447603;69,5013125205005;63,4737837017085;70,4586560922194;64,0557574202143;63,4891022043547
2024-05-01;P2;Országos;16,25;21,0346383463733;44,6748643180069;40,8250815379254;45,2843248733127;41,1748823458973;40,8052234562216
2024-05-01;P3;Budapest;38,25;51,7474435492447;114,001381351835;103,571528267079;114,802762364533;104,873612598927;103,597604710843
2024-05-01;P3;Országos;18,883333;27,7961981009774;64,7870586703597;58,2669009251578;64,6590263191706;59,3996661591403;58,2765311078138
2024-05-01;P4;Budapest;58,7749995;83,1260714041994;189,035014044018;170,864102340707;189,350325185365;173,576763372561;170,84953288239
2024-05-01;P4;Országos;22,266666;37,9916387798343;95,1120954978754;83,7407146020541;93,7405279022216;86,5217030091552;83,7503130924569
2024-05-01;P5;Budapest;51,766666;87,5524387317073;218,403980281108;192,581241611588;215,399406822301;198,814694596895;192,589416694533
2024-05-01;P5;Országos;19,25;39,4551539119639;104,890431257608;89,368231100302;101,879729034824;93,9466008374305;89,3771500927301
2024-06-01;Kiemelt P1;Budapest;10,8416665;11,5424765;18,1704975241464;17,0686722448173;19,7701415255788;17,0741745886801;17,0643309417338
2024-06-01;Kiemelt P1;Országos;10,55;11,7568527919529;20,6012594100173;19,1631134271387;21,7334069707537;19,176742765325;19,155551711135
2024-06-01;P1;Budapest;13,7;15,511608147382;27,9709440633031;25,9431330612935;29,3097151654449;25,9948019408244;25,9481259258043
2024-06-01;P1;Országos;12,516666;14,0802626269864;25,1016057578294;23,3214573553166;26,3701722117166;23,3488482312901;23,3099185700724
2024-06-01;P2;Budapest;25,0749995;31,8985808932019;66,672241927423;61,0158028718188;67,7602182933299;61,4986390425772;61,0096524030729
2024-06-01;P2;Országos;16,233333;20,8970346024324;44,1738098712035;40,3582750989447;44,7995334087312;40,7069363712369;40,360570600932
2024-06-01;P3;Budapest;38,116666;50,3328825606371;108,774203139231;99,114709309188;109,882991121173;100,146985359255;99,1127166912641
2024-06-01;P3;Országos;19,516666;28,3077868578318;65,4024312858602;58,940575421888;65,3293422518084;60,0080901686597;58,9376868033824
2024-06-01;P4;Budapest;55,683333;75,4335193304347;166,328782954495;151,137016914239;167,529588186271;153,057254914706;151,147603587115
2024-06-01;P4;Országos;22,816666;37,7280967195772;93,2006613385297;82,5055561928101;92,1120579657473;84,9804103741348;82,4978002165123
2024-06-01;P5;Budapest;40,65;67,2285710571429;166,115660568979;147,000084753497;164,133273928061;151,439486713281;147,01232333976
2024-06-01;P5;Országos;17,658333;31,3851220762712;79,8016263008597;69,807580077061;78,400807318071;72,3816498250544;69,8024778456832
2024-07-01;Kiemelt P1;Budapest;11,7749995;12,8655112029703;21,6297331994697;20,1676087991337;23,0745696597361;20,202453054308;20,1935426156185
2024-07-01;Kiemelt P1;Országos;10,966666;12,3016735471862;21,8230655819696;20,2487231620599;22,9548632003765;20,300760815693;20,2698942739884
2024-07-01;P1;Budapest;13,666666;15,6334210774013;28,6687763879883;26,5336197713386;29,9141875473554;26,6145386084501;26,5629853922586
2024-07-01;P1;Országos;12,516666;14,1233786785624;25,3191417013231;23,5114496051321;26,5571507670707;23,5401714280113;23,4977050483609
2024-07-01;P2;Budapest;24,766666;32,5805947504667;70,1888036898033;63,9832432672136;70,9541358710042;64,6386441681195;63,9800173754264
2024-07-01;P2;Országos;16,433333;21,339252542552;45,4665035420975;41,5121385376127;46,0466925222091;41,8873958219553;41,4980544856658
2024-07-01;P3;Budapest;37,633333;52,1188122501572;116,81398921127;105,86952199273;117,322546282213;107,354431223911;105,86029099288
2024-07-01;P3;Országos;19,95;29,2160654117143;67,8801468464952;61,1249955899882;67,7835796027494;62,2515922676297;61,1082894276734
2024-07-01;P4;Budapest;58,9999995;85,4483559403669;197,237890220601;177,77891707499;197,151003511948;180,997411867664;177,776635245744
2024-07-01;P4;Országos;24,683333;40,6781846727329;100,361244361818;88,873702632591;99,1936749942032;91,5013586789736;88,8651942566546
2024-07-01;P5;Budapest;35,158333;66,9328943421053;174,14805231086;150,526782167253;170,195595316345;157,117924627414;150,520970161365
2024-07-01;P5;Országos;19,383333;38,4165345454545;101,181477181135;86,7707681683139;98,5512834221666;90,9422220972007;86,7835785479914
2024-08-01;Kiemelt P1;Budapest;10,9499995;12,6796292901235;23,6971003497955;21,9273713146868;24,625035896243;21,9823984949929;21,9202060226838
2024-08-01;Kiemelt P1;Országos;10,866666;12,0997581086957;21,1585731365013;19,7506769090571;22,3425497576118;19,7130791566344;19,6856696021748
2024-08-01;P1;Budapest;13,408333;15,3449996639456;28,1668952285171;26,0737341010903;29,3875149768739;26,1442815895895;26,0906289921255
2024-08-01;P1;Országos;12,366666;13,923829146159;24,8646938578201;23,0598047287563;26,106075851391;23,1250198911417;23,084313626793
2024-08-01;P2;Budapest;25,35;32,5506269936573;68,6418254588534;62,7349757267319;69,6540270907096;63,2794054300956;62,7403621688126
2024-08-01;P2;Országos;16,466666;21,3731509715184;45,5085889126016;41,5369996675652;46,101681103995;41,9308841059746;41,5498595283273
2024-08-01;P3;Budapest;38,6749995;52,2659629371388;115,027172942195;104,546357928211;115,940637134759;105,849745506466;104,562297337173
2024-08-01;P3;Országos;19,7;29,0459834786305;67,7566910990142;60,9490157198919;67,6214123932321;62,156888577172;60,9423866646277
2024-08-01;P4;Budapest;61,266666;83,3698879729382;184,485605352033;167,531035049617;185,644401340908;169,710220863166;167,528575533316
2024-08-01;P4;Országos;24,2;41,2988974749603;103,397379806871;91,0403485422777;101,898279966136;94,0600430124791;91,0455029966185
2024-08-01;P5;Budapest;59,433333;84,8052079375;193,852195441253;175,109011308708;194,141775327711;178,035667161847;175,120198818661
2024-08-01;P5;Országos;23,033333;37,3904879090909;91,6316974346443;81,3384799045277;90,6749291738117;83,6357515959301;81,3238716704469
2024-09-01;Kiemelt P1;Budapest;10,841666;11,9593403516483;20,5357386429123;19,1210239325857;21,7771647971269;19,1497258776424;19,1269663680103
2024-09-01;Kiemelt P1;Országos;10,7;11,8153568241071;20,3312859437988;18,9282495623779;21,5523298671861;18,9631466129155;18,9337939798057
2024-09-01;P1;Budapest;13,4249995;14,9635269910468;26,2304802864496;24,4185123632929;27,6762329219873;24,4189993053154;24,3881928514848
2024-09-01;P1;Országos;12,066666;13,5425202387647;24,0394291906101;22,3690628611208;25,2840593371691;22,3651784023817;22,3335988017554
2024-09-01;P2;Budapest;25,283333;31,5074985963429;64,5188398888438;59,1482873139494;65,8035066907938;59,5634161654728;59,1682692951622
2024-09-01;P2;Országos;16,266666;20,6807304801521;43,1996963999331;39,501589492705;43,9158830366356;39,8517259891017;39,5339200253369
2024-09-01;P3;Budapest;37,7249995;49,8540585129386;107,814560376949;98,2284399135973;108,921144587854;99,2602411051082;98,2240888188267
2024-09-01;P3;Országos;19,666666;28,566757824192;66,0597006096199;59,5184608600474;66,015062287178;60,6018386325632;59,5186910334076
2024-09-01;P4;Budapest;55,4999995;75,0092953858268;165,12344815579;150,066024077966;166,303546668578;151,899554635535;150,069708938579
2024-09-01;P4;Országos;25,1;40,3882005181546;98,5928415064426;87,6123089922726;97,6425936251417;90,005708298973;87,6060634326391
2024-09-01;P5;Budapest;38,6749995;55,51874975;127,452750685268;115,010220319054;127,488244542384;116,985611618557;114,999800370888
2024-09-01;P5;Országos;21,383333;37,5130359752475;94,9239200475795;83,2042693723497;93,3400671492082;86,182768858253;83,2119487789102
2024-10-01;Kiemelt P1;Budapest;11,1;12,7831425142857;23,7026664017926;21,9220598975261;24,6730082694393;21,992773581113;21,9317557479251
2024-10-01;Kiemelt P1;Országos;10,8916665;12,1076265389273;21,1040855054029;19,6498714359853;22,3058229401974;19,666277581462;19,6409445350344
2024-10-01;P1;Budapest;13,316666;14,7850619960976;25,7187077725977;23,9273457723982;27,1765366284215;23,9625270693436;23,931131393231
2024-10-01;P1;Országos;12,233333;13,5966115875145;23,6947449753032;22,0077320566761;25,0325816527768;22,0727952645934;22,0492222252003
2024-10-01;P2;Budapest;24,433333;30,7895898447388;63,770095823794;58,4096360314256;64,9194483584548;58,832273572508;58,4082279317877
2024-10-01;P2;Országos;16,35;20,8062776951222;43,5005090219127;39,820270700479;44,206088643046;40,1183712761255;39,805706335118
2024-10-01;P3;Budapest;35,75;48,471578396564;106,951701865644;97,1841145620045;107,689457563611;98,3906084851204;97,1769896098509
2024-10-01;P3;Országos;19,983333;28,7528552584794;66,0983413888192;59,6539416441555;66,1044291511763;60,6566929054045;59,6272772530466
2024-10-01;P4;Budapest;55,8249995;72,4279606062271;154,146895608446;140,745662940767;156,26295306429;142,093863525178;140,754919066515
2024-10-01;P4;Országos;24,233333;39,1969868640109;95,9136080323032;85,1639808316392;94,934749829164;87,5335200197101;85,1595464347128
2024-10-01;P5;Budapest;38,683333;71,7762816923077;185,251054704071;160,827255358862;181,358686540909;167,488585293127;160,830029481429
2024-10-01;P5;Országos;23,1166665;41,3262893869048;105,281201576111;92,0097152972671;103,404176102577;95,4877442542622;92,0149542560883
